-- 插入用户数据
INSERT INTO public.t_users (c_user_id, c_account_id, c_password, c_nickname, c_public_key, c_user_info)
VALUES ('e2cfa16b-c7a3-46f0-9995-22e2ae333e3e', 'otto', 'ottowantccb', '吉吉国王侯国玉',
        'LS0tLS1CRUdJTiBQVUJMSUMgS0VZLS0tLS0KTUlJQ0lqQU5CZ2txaGtpRzl3MEJBUUVGQUFPQ0FnOEFNSUlDQ2dLQ0FnRUF1YXNhRHcxVnpmeTJKU3BnVTMrRApEeTB0QzVadXFNSjhOanpnQk85UEtBcVU4QXdiem1WdEY5M0tieU8xd0xSTGJySXkxR0tJVlBkd0ZwOVVuNlZ2ClJNeHIxQ0hmRHY2WFFpYUpmbjJLZ1FaQ1lDcmo4REorcG84N2FneVF3R2s2ZEpDc2ZNOHoxenNqZ3dQQkxyTHMKcHo4aWZGcGNJUkkvWDF1a3RUS1JzaHhWVkh0OGtYYjVrRDl6SUM1ekRRcVBMeVc1TnFoUFZEbU1UdnFvdG05SwpicllqSnltbi9xaTJuVGplcDNaKzFxbHp5NmdPRXF4S3pralZwd1lyMlNsbWFEQU5iT2RKanJuQVdsNHFVNXN3CnorMzRWTklkaHJTSnhXRjBRR2MzaU82UENZS29mYWVsUWJYZjI3UTF5Uk1TdTYxL0hqdmhWUWNvTnYxeTFQT2cKSllkb2xiREwwYW9pWFNXOWZOK2hHd3RmZjczdjIwemV1N3RGWWowbTViczFFd3JvK2RjUjZsQmFUUHBRZnZDLwpydWVKaHpNZzAvZ3hvTFFBakI3eTlNVnVQYTNEUFVpSVFpdktHeGtUN3ZKdlN5WGdCb29KOHZiNE16dElIb1BGCngxb3RmQ05PajhVdGlwdG4rOFFTUXZ0UXJFdklZdVpaOERnSUd1NmtRVzFEMzZhRG1iVFdra00vTUw3UmRGN20KMVpOb3JBMzFnT3JQWnByTlRQUzlxRWtTY2x4dWxoZ3VHd2ZYUEcwTlk0NVZxNlhoUW1MR0NGMFVaWHhrRXllagpXdStKVjE0ZTJRNUlzTTdtaFpOQlp5SjRxSjZ1MFQxZ0RUMnZWWDN1a1o2dmtnNlZrWDdxTFFNRDk1Z0cwZjdpCnBKMXRQWTVzMG1oTmRUSUpvODBzTk5zQ0F3RUFBUT09Ci0tLS0tRU5EIFBVQkxJQyBLRVktLS0tLQo=',
        '{
          "email": "woshishabi@gmail.com",
          "phone": "1145141919810"
        }'),
       ('02c9aba4-44a0-4ddf-8cf2-70c6e5e554d7', 'asstrobot', 'ddjddjdgdgjjj', 'TGA最佳宇宙机器人',
        'LS0tLS1CRUdJTiBQVUJMSUMgS0VZLS0tLS0KTUlJQ0lqQU5CZ2txaGtpRzl3MEJBUUVGQUFPQ0FnOEFNSUlDQ2dLQ0FnRUFoemdQbGY3T0tmajVLMTRpVFVWTQpqUlhldGpiVUFhWW1vUjlaU2EzOUhWVXVybUxPY0d0SXVHNzB2SUNIMTg0anVsMVovRy96L2wvOFp4RkQxb1M4CnBSRGl3SEtKUXA0MmttdmFMMW1pVGY2M1gxWWxiV2ptbm5zaktWNW9LMzZVQnRvVytsQlhIWmxyLzFLOEo2MjEKRnlmKzR6amhlbmJ1Mmp5a0ZzNy9seVhNWW9xVmpHMnpJNHhpYk5Zd0t0MDJOT21KMW1jWHhIOWdUdEpMWEFuRQpCZldYQjlTMmtZZDVCcXhTc3FxWmZ6NUsvakFzNWx2Skp6dXAyanRFZ3RJSG9tdTY5R21mbjFJTXhtZmdoN1NkCnhPWFVGY3VFV291QjdadWozWVVnQXovUTdRYlVqdERicXhsaEFOaHJ2bGNCbUpxMnhuT2liUXFISlRQUkxmeFcKRkNDdGpZQmV0a3N3em9MbUgrb2dYTjJtRnBwa05TdWYzQzdPaGtXZFdMbHZLTXU0dENkZG0yV1dyZXgxa0lXNgpIOHo4cVV3aGFZZk9LMEtYaitCcmkyTnREV3hhR1VsdHI1YTR5NnpIMnJKUDlMUmhLMlhRUGhSbGRiajNKNW5TCnVYWllTWUo2NTVGdkZKZElqc3huNktiSkdKM2xFRnJxU2hhVDdzR09ReWZMcU5WWW8ycndNRm5WMnhYVGY1MXMKNUE2L2FDNUNNckN3dnE3Qytac0Y3YU45Tis0Qy9pSnF1VG1OTmFmaGw3bmpvRlNndXJyWCsveXNJd3UxR0dnTQpXS05qUXNRSytOOVgxcE1MOWFvR2F6dXRET3ZlTXNtMnl2dU81alNZRzRiWFM0VFA1c3dmbHYyY3NpeUR4aXNpCmt6V2RFUHM3bUhQditsbzNRdU9jTEFNQ0F3RUFBUT09Ci0tLS0tRU5EIFBVQkxJQyBLRVktLS0tLQo=',
        '{
          "email": "astrobotGOTY@tga.com",
          "phone": "24242424"
        }');

-- 插入好友关系数据
INSERT INTO public.t_user_friends(c_user_id, c_friend_id, c_status)
VALUES ('e2cfa16b-c7a3-46f0-9995-22e2ae333e3e', '02c9aba4-44a0-4ddf-8cf2-70c6e5e554d7', 'accepted'),
       ('02c9aba4-44a0-4ddf-8cf2-70c6e5e554d7', 'e2cfa16b-c7a3-46f0-9995-22e2ae333e3e', 'accepted');

-- 插入权限数据
INSERT INTO t_permissions (c_permission_id, c_description_en, c_description_cn)
VALUES (0, 'Server Owner', '服务器拥有者'),
       (1, 'Manage Server', '管理服务器'),
       (101, 'Manage Roles', '管理角色'),
       (102, 'Manage Permissions', '管理权限'),
       (103, 'Manage Emojis', '管理表情'),
       (2, 'View Channel', '浏览频道'),
       (3, 'Manage Channels', '管理频道'),
       (301, 'Create Channels', '创建频道'),
       (302, 'Edit Channels', '编辑频道'),
       (303, 'Delete Channels', '删除频道'),
       (4, 'Manage Channel Groups', '编辑频道组'),
       (401, 'Create Channel Groups', '创建频道组'),
       (402, 'Edit Channel Groups', '编辑频道组'),
       (403, 'Delete Channel Groups', '删除频道组'),
       (5, 'Send Messages', '发送消息'),
       (6, 'Revoke Messages(all)', '撤回消息(所有的)'),
       (601, 'Revoke Messages(self)', '撤回消息(自己发送的)'),
       (7, 'Manage Users', '管理用户'),
       (701, 'Invite Users', '邀请用户'),
       (702, 'Mute Users', '禁言用户'),
       (703, 'Kick Users(all)', '踢出用户(所有)'),
       (70301, 'Kick Users(server)', '踢出用户(服务器)'),
       (70302, 'Kick Users(voice channel)', '踢出用户(语音频道)'),
       (8, 'React Message', '添加回应'),
       (114514, 'Test Permission', '测试权限');

-- 插入服务器数据
INSERT INTO public.t_servers (c_server_id, c_description, c_name, c_owner_id, c_create_time, c_icon_url, c_is_active,
                              c_is_private)
VALUES ('fdad3e5e-818d-4201-8b07-4734da71d9b7', '傻逼', 'hololive', 'e2cfa16b-c7a3-46f0-9995-22e2ae333e3e', 1713630327,
        null, true, true),
       ('b0e98cf2-c35f-4180-a61b-96fde10f48ff', '横山爱好者频道', '如龙频道', 'e2cfa16b-c7a3-46f0-9995-22e2ae333e3e',
        1714063934, null, true, true),
       ('c666e4a2-bdc6-4bf5-a41d-5b0b3f01a73e', '123', '123', 'e2cfa16b-c7a3-46f0-9995-22e2ae333e3e', 1715508210, null,
        true, true);

-- 插入角色数据
INSERT INTO public.t_roles (c_role_id, c_server_id, c_name, c_permissions, c_level)
VALUES ('bdabb221-ebe9-478d-bb42-86578cb2e4c0', 'fdad3e5e-818d-4201-8b07-4734da71d9b7', '服务器拥有者', '[
  0
]', 4),
       ('720712a3-8eb0-421e-a269-776bac5c5dd2', 'fdad3e5e-818d-4201-8b07-4734da71d9b7', '普通成员', '[
         2,
         5,
         601,
         701
       ]', 1),
       ('dd531822-99bf-4bd7-aae9-14aa341d6514', 'b0e98cf2-c35f-4180-a61b-96fde10f48ff', '服务器拥有者', '[
         0
       ]', 4),
       ('8d24e43c-ad94-4344-8e35-167ee60935d5', 'b0e98cf2-c35f-4180-a61b-96fde10f48ff', '普通成员', '[
         2,
         5,
         601,
         701
       ]', 1),
       ('79708888-9a41-425a-ab6b-e91dd11c63c1', 'c666e4a2-bdc6-4bf5-a41d-5b0b3f01a73e', '服务器拥有者', '[
         0
       ]', 4),
       ('4c5f75e4-56ad-46d3-b355-cdafd3d1306f', 'c666e4a2-bdc6-4bf5-a41d-5b0b3f01a73e', '普通成员', '[
         2,
         5,
         601,
         701
       ]', 1);

-- 插入服务器成员数据
INSERT INTO public.t_server_members (c_id, c_server_id, c_user_id)
VALUES ('b8dc425a-f238-4bf6-85cc-e17c27833a63', 'fdad3e5e-818d-4201-8b07-4734da71d9b7',
        'e2cfa16b-c7a3-46f0-9995-22e2ae333e3e'),
       ('070e0b27-de71-4dd2-af69-a562d2b1825b', 'fdad3e5e-818d-4201-8b07-4734da71d9b7',
        '02c9aba4-44a0-4ddf-8cf2-70c6e5e554d7'),
       ('cdc4676e-8266-4239-b538-7c2c2cf7999c', 'b0e98cf2-c35f-4180-a61b-96fde10f48ff',
        'e2cfa16b-c7a3-46f0-9995-22e2ae333e3e'),
       ('c30c62f5-25bf-418b-b914-e81043869765', 'c666e4a2-bdc6-4bf5-a41d-5b0b3f01a73e',
        'e2cfa16b-c7a3-46f0-9995-22e2ae333e3e');

-- 插入用户角色数据
INSERT INTO public.t_user_roles (c_user_id, c_role_id, c_server_id)
VALUES ('e2cfa16b-c7a3-46f0-9995-22e2ae333e3e', 'bdabb221-ebe9-478d-bb42-86578cb2e4c0',
        'fdad3e5e-818d-4201-8b07-4734da71d9b7'),
       ('02c9aba4-44a0-4ddf-8cf2-70c6e5e554d7', '720712a3-8eb0-421e-a269-776bac5c5dd2',
        'fdad3e5e-818d-4201-8b07-4734da71d9b7'),
       ('e2cfa16b-c7a3-46f0-9995-22e2ae333e3e', 'dd531822-99bf-4bd7-aae9-14aa341d6514',
        'b0e98cf2-c35f-4180-a61b-96fde10f48ff'),
       ('e2cfa16b-c7a3-46f0-9995-22e2ae333e3e', '4c5f75e4-56ad-46d3-b355-cdafd3d1306f',
        'c666e4a2-bdc6-4bf5-a41d-5b0b3f01a73e');

-- 插入频道分组数据
INSERT INTO public.t_channel_groups (c_group_id, c_server_id, c_group_name)
VALUES ('97096b43-2de4-43ac-9024-ebb63ed3ec1e', 'fdad3e5e-818d-4201-8b07-4734da71d9b7', '文字频道分组'),
       ('680c0836-58c4-43fb-8fb8-23a2103ffcdd', 'fdad3e5e-818d-4201-8b07-4734da71d9b7', '语音频道分组'),
       ('f511c852-61ee-46d0-9c84-a49c8a9b2caf', 'b0e98cf2-c35f-4180-a61b-96fde10f48ff', '文字频道分组'),
       ('59f05e0e-b0ac-4fa4-b327-a7a48c2cecc9', 'b0e98cf2-c35f-4180-a61b-96fde10f48ff', '语音频道分组'),
       ('eab00874-d0a8-4ce2-8138-f1cdad0cd30c', 'c666e4a2-bdc6-4bf5-a41d-5b0b3f01a73e', '文字频道分组'),
       ('3d010288-26d2-4315-84f5-58554e4b0257', 'c666e4a2-bdc6-4bf5-a41d-5b0b3f01a73e', '语音频道分组');

-- 插入频道数据
INSERT INTO public.t_channels (c_channel_id, c_group_id, c_name, c_type, c_description, c_create_by, c_create_time,
                               c_max_members)
VALUES ('aa6cd21b-7080-4e65-9059-8a6a8c303cbb', '97096b43-2de4-43ac-9024-ebb63ed3ec1e', '默认文字频道', 'text',
        '这是一个文字频道', 'e2cfa16b-c7a3-46f0-9995-22e2ae333e3e', 1713630328, 0),
       ('0362e80c-839b-4ee6-9e77-c2cb6668c961', '680c0836-58c4-43fb-8fb8-23a2103ffcdd', '默认语音频道', 'voice',
        '这是一个语音频道', 'e2cfa16b-c7a3-46f0-9995-22e2ae333e3e', 1713630328, 0),
       ('ff8bbfd2-a051-4791-abf6-4985b59b645a', 'f511c852-61ee-46d0-9c84-a49c8a9b2caf', '默认文字频道', 'text',
        '这是一个文字频道', 'e2cfa16b-c7a3-46f0-9995-22e2ae333e3e', 1714063936, 0),
       ('15af977e-fb02-4a9c-88d4-b70e001ad7cd', '59f05e0e-b0ac-4fa4-b327-a7a48c2cecc9', '默认语音频道', 'voice',
        '这是一个语音频道', 'e2cfa16b-c7a3-46f0-9995-22e2ae333e3e', 1714063936, 0),
       ('cbf49ff6-39e5-42fb-a52b-fbb9f58d0278', 'eab00874-d0a8-4ce2-8138-f1cdad0cd30c', '默认文字频道', 'text',
        '这是一个文字频道', 'e2cfa16b-c7a3-46f0-9995-22e2ae333e3e', 1715508211, 0),
       ('63319bb0-99de-4f3a-84cc-38d804982891', '3d010288-26d2-4315-84f5-58554e4b0257', '默认语音频道', 'voice',
        '这是一个语音频道', 'e2cfa16b-c7a3-46f0-9995-22e2ae333e3e', 1715508211, 0);

-- 插入频道成员数据
INSERT INTO public.t_channel_members (c_channel_id, c_user_id, c_permissions)
VALUES ('cbf49ff6-39e5-42fb-a52b-fbb9f58d0278', 'e2cfa16b-c7a3-46f0-9995-22e2ae333e3e', 1),
       ('63319bb0-99de-4f3a-84cc-38d804982891', 'e2cfa16b-c7a3-46f0-9995-22e2ae333e3e', 1),
       ('aa6cd21b-7080-4e65-9059-8a6a8c303cbb', 'e2cfa16b-c7a3-46f0-9995-22e2ae333e3e', 1),
       ('0362e80c-839b-4ee6-9e77-c2cb6668c961', 'e2cfa16b-c7a3-46f0-9995-22e2ae333e3e', 1),
       ('ff8bbfd2-a051-4791-abf6-4985b59b645a', 'e2cfa16b-c7a3-46f0-9995-22e2ae333e3e', 1),
       ('15af977e-fb02-4a9c-88d4-b70e001ad7cd', 'e2cfa16b-c7a3-46f0-9995-22e2ae333e3e', 1),
       ('aa6cd21b-7080-4e65-9059-8a6a8c303cbb', '02c9aba4-44a0-4ddf-8cf2-70c6e5e554d7', 1),
       ('0362e80c-839b-4ee6-9e77-c2cb6668c961', '02c9aba4-44a0-4ddf-8cf2-70c6e5e554d7', 1);

-- 插入频道聊天数据
INSERT INTO public.t_channel_chats (c_chat_id, c_channel_id, c_status)
VALUES ('2aad344b-30d3-4af4-81ae-64f193fddbda', 'aa6cd21b-7080-4e65-9059-8a6a8c303cbb', 0),
       ('6119b821-8b66-4548-b6e2-cf00cfbbf224', 'aa6cd21b-7080-4e65-9059-8a6a8c303cbb', 0),
       ('9c9f1f7a-673f-45aa-88c1-2a9052f0a5bd', 'aa6cd21b-7080-4e65-9059-8a6a8c303cbb', 0),
       ('4ee9ae41-3458-4e85-919d-cf54087d241a', 'aa6cd21b-7080-4e65-9059-8a6a8c303cbb', 0),
       ('8f33a6b4-4c0c-4c39-b381-9faa1796907a', 'aa6cd21b-7080-4e65-9059-8a6a8c303cbb', 0);
